{
  "train_loss": [
    0.34489059610576495,
    0.2833636735869135,
    0.2654162035688723,
    0.2567306567628118,
    0.2366072281344952,
    0.2385276878016529,
    0.22999336056891473,
    0.21785974388955107,
    0.21501376255276014,
    0.21147938409403302,
    0.20415349458932117,
    0.18862805197462754,
    0.19303321263925743,
    0.18354924093804006,
    0.18263902324051878,
    0.17547642940038422,
    0.167207620905246,
    0.1591160781409057,
    0.13364469749224225,
    0.12943609142845094,
    0.12409230210922453
  ],
  "val_loss": [
    0.33510301066396,
    0.5919460340248014,
    0.33484691815986267,
    0.27395810549656,
    0.3791824223824676,
    0.3062538221334985,
    0.4027513445981431,
    0.26690259791060034,
    0.268551518246429,
    0.25701957762733285,
    0.2508575289293693,
    0.27622229766812906,
    0.28989368814467725,
    0.24440211192941733,
    0.336293627176193,
    0.2874832438225595,
    0.26990889656412553,
    0.36291941727781885,
    0.2846874214883028,
    0.30650776735362195,
    0.38229323109865515
  ],
  "train_acc": [
    0.887789346872042,
    0.9085276654332674,
    0.9153257034678599,
    0.9173048790981844,
    0.9240168660184149,
    0.9247913260476723,
    0.9257378883056535,
    0.9312451596248171,
    0.9297822906806643,
    0.9296101884519404,
    0.9317614663109888,
    0.9376129420876,
    0.9358919198003615,
    0.9395921177179245,
    0.9411410377764392,
    0.9420015489200585,
    0.9454435934945358,
    0.9489716891833749,
    0.9580931073057396,
    0.9571465450477584,
    0.9605885896222356
  ],
  "val_acc": [
    0.9119669876203577,
    0.8830811554332875,
    0.9092159559834938,
    0.9181568088033012,
    0.9078404401650619,
    0.874828060522696,
    0.9085281980742779,
    0.9002751031636864,
    0.9009628610729024,
    0.9133425034387895,
    0.9112792297111417,
    0.8961485557083907,
    0.9002751031636864,
    0.9174690508940853,
    0.9167812929848693,
    0.9112792297111417,
    0.9092159559834938,
    0.8762035763411279,
    0.9147180192572214,
    0.9195323246217332,
    0.9092159559834938
  ],
  "train_f1": [
    0.8534172661870504,
    0.8800902425267908,
    0.8889641164522681,
    0.8914982499717737,
    0.9000339635457942,
    0.9011982817092471,
    0.9021874645812082,
    0.9094412331406551,
    0.9083557951482479,
    0.9075706214689265,
    0.910748452447946,
    0.9182177100958827,
    0.9161696860582874,
    0.9206420981234457,
    0.9229903174960594,
    0.9237211407876867,
    0.9283939462389881,
    0.9328349756484313,
    0.9449281917901164,
    0.9436906377204884,
    0.9480254198819791
  ],
  "val_f1": [
    0.873767258382643,
    0.8156182212581344,
    0.8669354838709677,
    0.8841285296981499,
    0.8638211382113821,
    0.8500823723228995,
    0.8621761658031089,
    0.8751076658053403,
    0.8734622144112478,
    0.8856624319419237,
    0.8853333333333333,
    0.8694900605012964,
    0.8731408573928259,
    0.8911070780399274,
    0.8786359077231695,
    0.8793264733395697,
    0.8846153846153846,
    0.8512396694214877,
    0.8884892086330936,
    0.8890995260663507,
    0.8677354709418837
  ],
  "lr": [
    0.001,
    0.001,
    0.001,
    0.001,
    0.001,
    0.001,
    0.001,
    0.001,
    0.001,
    0.001,
    0.001,
    0.001,
    0.001,
    0.001,
    0.001,
    0.001,
    0.001,
    0.001,
    0.0005,
    0.0005,
    0.0005
  ],
  "best_epoch": 14,
  "best_val_loss": 0.24440211192941733,
  "seed": 44,
  "n_epochs_run": 21
}