{
  "train_loss": [
    0.34868236245643086,
    0.28998917405088925,
    0.27111175510653757,
    0.2520614688721225,
    0.2398808307085972,
    0.23015862221705935,
    0.2271526751690534,
    0.22456966664761666,
    0.21250024315768948,
    0.21584692843455208,
    0.20112818472421412,
    0.2010085184078046,
    0.173787826048857,
    0.16474781929805493,
    0.1639701829146584
  ],
  "val_loss": [
    0.30272665541962385,
    0.3804857668145323,
    0.26415360316203745,
    0.34267203993531664,
    0.3884122787348342,
    0.2683005747801664,
    0.2600156177844765,
    0.257402504490691,
    0.27030520178018935,
    0.2766493855677084,
    0.4204634995785179,
    0.4390397939262233,
    0.2834433169402643,
    0.275746988053171,
    0.27871792424249847
  ],
  "train_acc": [
    0.8871869890715085,
    0.9073229498322003,
    0.913948885638069,
    0.9173048790981844,
    0.9243610704758627,
    0.9272868083641683,
    0.9248773771620342,
    0.9270286550210826,
    0.932794079683332,
    0.9292659839944928,
    0.9343429997418466,
    0.936494277600895,
    0.943980724550383,
    0.9472506668961364,
    0.9449272868083641
  ],
  "val_acc": [
    0.9147180192572214,
    0.8562585969738652,
    0.9126547455295736,
    0.8638239339752407,
    0.90646492434663,
    0.9092159559834938,
    0.920907840440165,
    0.9133425034387895,
    0.9147180192572214,
    0.9243466299862448,
    0.9099037138927097,
    0.9030261348005502,
    0.9140302613480055,
    0.922971114167813,
    0.9236588720770289
  ],
  "train_f1": [
    0.8509719222462203,
    0.8784835834367596,
    0.8869289914066033,
    0.8917670908886136,
    0.9005768578215134,
    0.9047243206674935,
    0.9017666254078992,
    0.9038766719564725,
    0.9115615445589401,
    0.9072444143534191,
    0.9139700078926598,
    0.9166290103931315,
    0.9265319941315878,
    0.9309762414142552,
    0.9279603782080144
  ],
  "val_f1": [
    0.8814531548757171,
    0.8296658516707417,
    0.8852755194218609,
    0.8398058252427184,
    0.8597938144329897,
    0.8840070298769771,
    0.89058039961941,
    0.8844036697247707,
    0.8827977315689981,
    0.8962264150943396,
    0.8656410256410256,
    0.8541882109617374,
    0.8826291079812206,
    0.8939393939393939,
    0.8937799043062201
  ],
  "lr": [
    0.001,
    0.001,
    0.001,
    0.001,
    0.001,
    0.001,
    0.001,
    0.001,
    0.001,
    0.001,
    0.001,
    0.001,
    0.0005,
    0.0005,
    0.0005
  ],
  "aug_count": [
    86,
    94,
    87,
    77,
    83,
    74,
    82,
    82,
    87,
    89,
    78,
    105,
    88,
    94,
    88
  ],
  "best_epoch": 8,
  "best_val_loss": 0.257402504490691,
  "seed": 47,
  "n_epochs_run": 15
}