{
  "train_loss": [
    0.3406691537437007,
    0.2883523488227333,
    0.27482445486112383,
    0.2532265247114656,
    0.24838397860855296,
    0.23653371428732473,
    0.22718603423423214,
    0.22521104971417338,
    0.19950868230751917,
    0.19506687192085553,
    0.18933974797954845,
    0.1812182284757609,
    0.16856728053454043,
    0.156094708223729,
    0.14904945933380798,
    0.14272389928626375
  ],
  "val_loss": [
    0.31964277987467044,
    0.2920157677984631,
    0.31525168339356757,
    0.25928379572733234,
    0.3399773257306714,
    0.280753749395827,
    0.2723836616767978,
    0.3672039074697718,
    0.23997823027009976,
    0.24916943493702717,
    0.3208856017750264,
    0.26583397720506136,
    0.2494708071302679,
    0.2524700696481471,
    0.35205811434303713,
    0.32481892966502635
  ],
  "train_acc": [
    0.8876172446433181,
    0.9071508476034764,
    0.9116255055502969,
    0.9187677480423372,
    0.9213492814731951,
    0.9222097926168144,
    0.9283194217365115,
    0.9271147061354444,
    0.9346011530849324,
    0.9365803287152569,
    0.9357198175716376,
    0.9415712933482489,
    0.9459599001807073,
    0.9508648136993374,
    0.9508648136993374,
    0.9520695293004044
  ],
  "val_acc": [
    0.9099037138927097,
    0.8920220082530949,
    0.9154057771664375,
    0.9126547455295736,
    0.9133425034387895,
    0.8872077028885832,
    0.9181568088033012,
    0.9078404401650619,
    0.9188445667125172,
    0.920907840440165,
    0.9167812929848693,
    0.9174690508940853,
    0.9264099037138928,
    0.9284731774415406,
    0.9174690508940853,
    0.9195323246217332
  ],
  "train_f1": [
    0.8535546086566494,
    0.8783677150264908,
    0.8836787858194586,
    0.8937654737789782,
    0.8969327920613441,
    0.8985181859003143,
    0.9056731966934662,
    0.9043045983504688,
    0.9142018514337322,
    0.916901567256737,
    0.9158878504672897,
    0.9232161031324211,
    0.9291196388261851,
    0.9354583474624166,
    0.9353267640729415,
    0.9370976849237719
  ],
  "val_f1": [
    0.8691308691308691,
    0.8638334778837814,
    0.8783382789317508,
    0.8835930339138405,
    0.8719512195121951,
    0.8624161073825504,
    0.8886810102899907,
    0.8629856850715747,
    0.8933092224231465,
    0.89120151371807,
    0.8788788788788788,
    0.8852772466539197,
    0.900093370681606,
    0.9035250463821892,
    0.8811881188118812,
    0.8856304985337243
  ],
  "lr": [
    0.001,
    0.001,
    0.001,
    0.001,
    0.001,
    0.001,
    0.001,
    0.001,
    0.0005,
    0.0005,
    0.0005,
    0.0005,
    0.0005,
    0.00025,
    0.00025,
    0.00025
  ],
  "aug_count": [
    95,
    98,
    91,
    83,
    95,
    103,
    90,
    89,
    87,
    86,
    87,
    85,
    87,
    85,
    83,
    83
  ],
  "best_epoch": 9,
  "best_val_loss": 0.23997823027009976,
  "seed": 50,
  "n_epochs_run": 16
}