{
  "train_loss": [
    0.3324097167085364,
    0.2747062719219082,
    0.2657457845939969,
    0.2446779018206601,
    0.2456973171738829,
    0.23207737995900976,
    0.22034087963835033,
    0.21741329723863795,
    0.22564214843448493,
    0.20179618885052222,
    0.19350447227654097,
    0.19129365634132442,
    0.18398831655601453,
    0.1613549595444987,
    0.15926872922009644,
    0.14581182415928687
  ],
  "val_loss": [
    0.35600462974019687,
    0.2917837613304511,
    0.25917673135558056,
    0.2938161728470657,
    0.27455004256480003,
    0.3683192572124723,
    0.24574264316234168,
    0.3561150993449816,
    0.24266180519060715,
    0.25475310102781534,
    0.2893646504970823,
    0.32958402909963624,
    0.35008244964574686,
    0.3512052812881286,
    0.2537159106016487,
    0.2825974472984159
  ],
  "train_acc": [
    0.8919198003614147,
    0.9145512434386025,
    0.9111952499784872,
    0.9188537991566991,
    0.9208329747870235,
    0.9228982015317099,
    0.9265123483349109,
    0.9285775750795973,
    0.9278891661647019,
    0.936494277600895,
    0.9372687376301523,
    0.9385595043455813,
    0.9397642199466483,
    0.9461320024094312,
    0.9482832802684795,
    0.953790551587643
  ],
  "val_acc": [
    0.9085281980742779,
    0.9147180192572214,
    0.9078404401650619,
    0.9167812929848693,
    0.8933975240715268,
    0.9092159559834938,
    0.9195323246217332,
    0.859009628610729,
    0.921595598349381,
    0.9050894085281981,
    0.9119669876203577,
    0.9181568088033012,
    0.9167812929848693,
    0.9160935350756534,
    0.920907840440165,
    0.9181568088033012
  ],
  "train_f1": [
    0.8583671628326568,
    0.8880874563281866,
    0.8840709952819591,
    0.8940568475452196,
    0.8960686850429281,
    0.8987570621468927,
    0.9036334913112164,
    0.9060022650056625,
    0.9055455365193869,
    0.9167606586961425,
    0.9176922208422716,
    0.9194130925507901,
    0.9212775528565003,
    0.9296312949640287,
    0.9320673674691986,
    0.9393699898385458
  ],
  "val_f1": [
    0.8633093525179856,
    0.8823529411764706,
    0.8775137111517367,
    0.8826382153249273,
    0.8655680832610582,
    0.8658536585365854,
    0.8923643054277829,
    0.8369132856006364,
    0.8954128440366973,
    0.8793706293706294,
    0.8817005545286506,
    0.8822947576656776,
    0.878391959798995,
    0.8801571709233792,
    0.8938134810710988,
    0.8928892889288929
  ],
  "lr": [
    0.001,
    0.001,
    0.001,
    0.001,
    0.001,
    0.001,
    0.001,
    0.001,
    0.001,
    0.001,
    0.001,
    0.001,
    0.001,
    0.0005,
    0.0005,
    0.0005
  ],
  "best_epoch": 9,
  "best_val_loss": 0.24266180519060715,
  "seed": 49,
  "n_epochs_run": 16
}