{
  "train_loss": [
    0.3499944399724615,
    0.28580771055158777,
    0.2582972112338788,
    0.2564535365335687,
    0.2418173849480091,
    0.23178272073029466,
    0.22852875079702217,
    0.22940841705830287,
    0.21568353121390021,
    0.2115068113000655,
    0.20299477089334608,
    0.20227070982382758,
    0.19478529092110677,
    0.18844665336522717,
    0.18422903941293334,
    0.16204652380496046,
    0.15397115244854953,
    0.14682038136710707
  ],
  "val_loss": [
    0.2952060889673036,
    0.3800996943713874,
    0.29406331411910025,
    0.26560995193836284,
    0.25364244677013675,
    0.2567834626406718,
    0.2935628495813236,
    0.2530265980729375,
    0.26701267086164165,
    0.31018699506781944,
    0.24774894620480203,
    0.2504497307366813,
    0.28286364918479895,
    0.29831128572581395,
    0.29149808491768503,
    0.2859456213460172,
    0.3235610674303204,
    0.2900441935826529
  ],
  "train_acc": [
    0.8845194045262886,
    0.9105068410635918,
    0.9170467257550985,
    0.9175630324412701,
    0.9209190259013854,
    0.9248773771620342,
    0.9278031150503399,
    0.9244471215902246,
    0.932794079683332,
    0.9308149040530075,
    0.931417261853541,
    0.9334824885982274,
    0.936408226486533,
    0.9388176576886671,
    0.9371826865157904,
    0.9464762068668789,
    0.9499182514413562,
    0.9522416315291283
  ],
  "val_acc": [
    0.9133425034387895,
    0.8982118294360385,
    0.9112792297111417,
    0.9174690508940853,
    0.921595598349381,
    0.9147180192572214,
    0.9188445667125172,
    0.9147180192572214,
    0.9270976616231087,
    0.921595598349381,
    0.9174690508940853,
    0.9119669876203577,
    0.9202200825309491,
    0.9181568088033012,
    0.9140302613480055,
    0.9257221458046767,
    0.9222833562585969,
    0.9277854195323246
  ],
  "train_f1": [
    0.8495852947769559,
    0.8821930222020843,
    0.8907772490369363,
    0.8918979914240578,
    0.8966137923275959,
    0.9015450546971918,
    0.9053794970113905,
    0.9007685352622061,
    0.9119801645441227,
    0.909479846881333,
    0.9102982554867755,
    0.9129210318801397,
    0.9170501739813671,
    0.9197969543147209,
    0.9176258180997517,
    0.9301751234845083,
    0.9341628959276018,
    0.9372668701254663
  ],
  "val_f1": [
    0.8797709923664122,
    0.8445378151260504,
    0.8741463414634146,
    0.8863636363636364,
    0.8928571428571429,
    0.886654478976234,
    0.883629191321499,
    0.8912280701754386,
    0.8982725527831094,
    0.8875739644970414,
    0.891500904159132,
    0.8873239436619719,
    0.8903591682419659,
    0.885024154589372,
    0.8787584869059166,
    0.8969465648854962,
    0.8895405669599218,
    0.8979591836734694
  ],
  "lr": [
    0.001,
    0.001,
    0.001,
    0.001,
    0.001,
    0.001,
    0.001,
    0.001,
    0.001,
    0.001,
    0.001,
    0.001,
    0.001,
    0.001,
    0.001,
    0.0005,
    0.0005,
    0.0005
  ],
  "aug_count": [
    85,
    78,
    92,
    99,
    88,
    92,
    107,
    93,
    84,
    96,
    82,
    84,
    89,
    74,
    86,
    100,
    81,
    94
  ],
  "best_epoch": 11,
  "best_val_loss": 0.24774894620480203,
  "seed": 45,
  "n_epochs_run": 18
}