{
  "train_loss": [
    0.3437816891291909,
    0.281322422354103,
    0.25449900578769324,
    0.25271030433688185,
    0.23644266480854215,
    0.22516142002030953,
    0.2245659711718221,
    0.22005337761007726,
    0.20930959968905002,
    0.2020779226894336,
    0.19427252989321647,
    0.19465222559300607,
    0.1833306878007594,
    0.17875080394433027,
    0.1761465183650039,
    0.17095571537352647,
    0.14435197248581755,
    0.13613064065107575,
    0.12827448086682783
  ],
  "val_loss": [
    0.29616587107906317,
    0.3494812899065477,
    0.27894994509925214,
    0.26601892566254576,
    0.25214421753214344,
    0.27054865922691734,
    0.3240120588011394,
    0.249918223103762,
    0.2614885487451514,
    0.27253645449425856,
    0.300629759732598,
    0.24741650796002174,
    0.27961281542518934,
    0.3031454212358926,
    0.28320775786735003,
    0.30811586238167143,
    0.31376476975303896,
    0.300144253685517,
    0.32669216316536664
  ],
  "train_acc": [
    0.8874451424145943,
    0.9125720678082782,
    0.9182514413561655,
    0.9179932880130798,
    0.9233284571035195,
    0.9275449617072541,
    0.9282333706221496,
    0.9265983994492729,
    0.9331382841407796,
    0.9325359263402461,
    0.9346011530849324,
    0.9380431976594097,
    0.9401944755184579,
    0.9433783667498494,
    0.941399191119525,
    0.9431202134067637,
    0.9529300404440237,
    0.956286033904139,
    0.9581791584201016
  ],
  "val_acc": [
    0.9085281980742779,
    0.9016506189821183,
    0.9181568088033012,
    0.9167812929848693,
    0.9202200825309491,
    0.9037138927097662,
    0.9154057771664375,
    0.9174690508940853,
    0.9264099037138928,
    0.9236588720770289,
    0.8885832187070152,
    0.9147180192572214,
    0.9195323246217332,
    0.9222833562585969,
    0.9167812929848693,
    0.9016506189821183,
    0.9236588720770289,
    0.9243466299862448,
    0.922971114167813
  ],
  "train_f1": [
    0.853066726578297,
    0.8848333711176604,
    0.8925339366515838,
    0.892279868882107,
    0.8994470150095926,
    0.9050946798917944,
    0.9063342318059299,
    0.9040171036345224,
    0.9124309703595176,
    0.9117315919837874,
    0.9144529491220171,
    0.9186072801266109,
    0.9219714831031772,
    0.9254813137032842,
    0.923250309928998,
    0.9257887055125182,
    0.9382548820408624,
    0.9423774954627949,
    0.9450847457627118
  ],
  "val_f1": [
    0.8780934922089826,
    0.8530318602261048,
    0.8874172185430463,
    0.889295516925892,
    0.8913857677902621,
    0.8756660746003553,
    0.8763819095477386,
    0.893048128342246,
    0.897803247373448,
    0.8931665062560153,
    0.8638655462184874,
    0.8894830659536542,
    0.8919667590027701,
    0.8910318225650916,
    0.8868101028999065,
    0.8705882352941177,
    0.892128279883382,
    0.8934108527131783,
    0.8943396226415095
  ],
  "lr": [
    0.001,
    0.001,
    0.001,
    0.001,
    0.001,
    0.001,
    0.001,
    0.001,
    0.001,
    0.001,
    0.001,
    0.001,
    0.001,
    0.001,
    0.001,
    0.001,
    0.0005,
    0.0005,
    0.0005
  ],
  "best_epoch": 12,
  "best_val_loss": 0.24741650796002174,
  "seed": 45,
  "n_epochs_run": 19
}