{
  "train_loss": [
    0.3398029018447051,
    0.2827028485011669,
    0.2614204628892655,
    0.24931225233967996,
    0.23690609177052796,
    0.21284103196086412,
    0.20598685022075844,
    0.1939361254012161,
    0.1948216550527244,
    0.18175449720805448,
    0.18958991593127097,
    0.1730360853396085,
    0.16353396422408983,
    0.15997182583426273,
    0.15408572437453727,
    0.13568935146118213,
    0.1233316655715139,
    0.11606018669520524
  ],
  "val_loss": [
    0.2848466204932828,
    0.5013530178115981,
    0.30852170860423017,
    0.4273665060367348,
    0.31661293191381795,
    0.26014990530692894,
    0.2500144269886174,
    0.39924608915019394,
    0.26656116678429437,
    0.25744392834552543,
    0.2377984166309299,
    0.3376540019800771,
    0.2736317327212763,
    0.3526181200265556,
    0.3274333755366576,
    0.29753618009972604,
    0.32314165528899536,
    0.35567041801127314
  ],
  "train_acc": [
    0.8920058514757766,
    0.9109370966354015,
    0.9154978056965838,
    0.9204887703295758,
    0.9260820927631013,
    0.932794079683332,
    0.9347732553136563,
    0.9384734532312193,
    0.9356337664572756,
    0.9420015489200585,
    0.9393339643748386,
    0.9458738490663454,
    0.9487135358402892,
    0.9463041046381551,
    0.9491437914120988,
    0.9580931073057396,
    0.9605025385078737,
    0.9623956630238362
  ],
  "val_acc": [
    0.9105914718019257,
    0.8947730398899587,
    0.9167812929848693,
    0.9092159559834938,
    0.8782668500687758,
    0.920907840440165,
    0.9236588720770289,
    0.9188445667125172,
    0.9202200825309491,
    0.9133425034387895,
    0.9257221458046767,
    0.9167812929848693,
    0.9291609353507565,
    0.9167812929848693,
    0.9181568088033012,
    0.9236588720770289,
    0.9195323246217332,
    0.9154057771664375
  ],
  "train_f1": [
    0.8578547966927171,
    0.8831696579749407,
    0.8893895021401217,
    0.895593220338983,
    0.9032112676056337,
    0.9115815691158157,
    0.9141951550826353,
    0.9190718732314658,
    0.9155565590426733,
    0.9240477800315529,
    0.9202939513849633,
    0.9289185218668776,
    0.9325028312570781,
    0.929587000677048,
    0.9333182895182218,
    0.944865843994113,
    0.9481414529431703,
    0.9505152304382289
  ],
  "val_f1": [
    0.8813868613138686,
    0.8380952380952381,
    0.8819512195121951,
    0.8650306748466258,
    0.8511354079058032,
    0.8888888888888888,
    0.897126969416126,
    0.8808080808080808,
    0.8905660377358491,
    0.8837638376383764,
    0.8998144712430427,
    0.8798411122144985,
    0.9004830917874396,
    0.8798411122144985,
    0.8859060402684564,
    0.8947867298578199,
    0.8876080691642652,
    0.880466472303207
  ],
  "lr": [
    0.001,
    0.001,
    0.001,
    0.001,
    0.001,
    0.0005,
    0.0005,
    0.0005,
    0.0005,
    0.0005,
    0.0005,
    0.0005,
    0.0005,
    0.0005,
    0.0005,
    0.00025,
    0.00025,
    0.00025
  ],
  "best_epoch": 11,
  "best_val_loss": 0.2377984166309299,
  "seed": 42,
  "n_epochs_run": 18
}