{
  "train_loss": [
    0.33778305744747317,
    0.2789082392830927,
    0.2609746769941281,
    0.24803578076813146,
    0.23792051119306248,
    0.2282224002552057,
    0.22159327686002236,
    0.21420513110269154,
    0.1904500456020863,
    0.1868752267344069,
    0.183029113284344,
    0.17209380486188766,
    0.17106358199560256,
    0.15903797728907024,
    0.15654949424199316,
    0.13607793984084068,
    0.12500834407325087,
    0.12240199888378789
  ],
  "val_loss": [
    0.292364171704859,
    0.27382337932245604,
    0.28856302853135657,
    0.26500688124309707,
    0.3250208356849429,
    0.26745371329899176,
    0.43071960599419173,
    0.27106474928219676,
    0.2861523272000776,
    0.25600503469103797,
    0.23672543707953195,
    0.2369243154786476,
    0.25561313167152905,
    0.2898268039649586,
    0.2596868307956147,
    0.34167011477760306,
    0.2879683370849289,
    0.29028557636550895
  ],
  "train_acc": [
    0.8899406247310903,
    0.9118836588933826,
    0.9171327768694605,
    0.9236726615609672,
    0.9260820927631013,
    0.9265123483349109,
    0.925221581619482,
    0.9306428018242836,
    0.9382152998881336,
    0.9388176576886671,
    0.9399363221753722,
    0.9440667756647448,
    0.9432062645211255,
    0.9477669735823079,
    0.9458738490663454,
    0.9540487049307289,
    0.9581791584201016,
    0.9593838740211685
  ],
  "val_acc": [
    0.8885832187070152,
    0.9092159559834938,
    0.9174690508940853,
    0.90646492434663,
    0.9167812929848693,
    0.9291609353507565,
    0.8988995873452544,
    0.9044016506189821,
    0.8823933975240715,
    0.9071526822558459,
    0.922971114167813,
    0.9222833562585969,
    0.9291609353507565,
    0.9243466299862448,
    0.9092159559834938,
    0.9202200825309491,
    0.9167812929848693,
    0.905777166437414
  ],
  "train_f1": [
    0.8555618294748729,
    0.884346058278744,
    0.8908534512070724,
    0.8999661666854629,
    0.9026849439220573,
    0.9031526423225221,
    0.9021506587096048,
    0.9089882565492322,
    0.9192169216921692,
    0.9196882412741444,
    0.9215730337078651,
    0.9265868533995935,
    0.925725860904794,
    0.9316826111423748,
    0.9292543021032504,
    0.9397834912043301,
    0.9451591062965471,
    0.946726862302483
  ],
  "val_f1": [
    0.8588850174216028,
    0.8784530386740331,
    0.8823529411764706,
    0.8770343580470162,
    0.8793619142572283,
    0.9002904162633107,
    0.8463949843260188,
    0.8790252393385553,
    0.85785536159601,
    0.8835202761000863,
    0.8983666061705989,
    0.8942937324602432,
    0.9029217719132894,
    0.8960302457466919,
    0.8858131487889274,
    0.8864970645792564,
    0.8874418604651163,
    0.878438331854481
  ],
  "lr": [
    0.001,
    0.001,
    0.001,
    0.001,
    0.001,
    0.001,
    0.001,
    0.001,
    0.0005,
    0.0005,
    0.0005,
    0.0005,
    0.0005,
    0.0005,
    0.0005,
    0.00025,
    0.00025,
    0.00025
  ],
  "best_epoch": 11,
  "best_val_loss": 0.23672543707953195,
  "seed": 48,
  "n_epochs_run": 18
}