{
  "train_loss": [
    0.34432665956901526,
    0.2866382498886199,
    0.2717557606716778,
    0.250595316607574,
    0.24275907608486885,
    0.23630700628089266,
    0.23264104875955285,
    0.2193192112785374,
    0.21972504919418093,
    0.20783300189515028,
    0.2053049239380082,
    0.1973926956708373,
    0.19580526493003125,
    0.1922203474257758,
    0.18784423682493429,
    0.1651039978444561,
    0.15863689247391513,
    0.15408308861352277,
    0.14598087719318256,
    0.13857678222749598,
    0.13884135804799203,
    0.11206340598802067,
    0.11320678527769006,
    0.10127695705063648
  ],
  "val_loss": [
    0.29531396800418996,
    0.47791197100728544,
    0.29575726201314545,
    0.3340423387543207,
    0.2828010312464739,
    0.31505224075901134,
    0.25615219404969614,
    0.27573859398515876,
    0.25379402080789065,
    0.3664371003966876,
    0.24483343323454404,
    0.250997609047647,
    0.30564891871838656,
    0.3165052478628277,
    0.25431575383247995,
    0.3221315010213786,
    0.2369040749259959,
    0.3498812199786736,
    0.2834207503921884,
    0.2608770500187041,
    0.2608559195982213,
    0.2940029993427833,
    0.3372914429953862,
    0.3853594047495227
  ],
  "train_acc": [
    0.8900266758454523,
    0.9094742276912486,
    0.9155838568109457,
    0.922726099302986,
    0.9236726615609672,
    0.9251355305051201,
    0.9208329747870235,
    0.926340246106187,
    0.9301264951381121,
    0.9296101884519404,
    0.9340848463987609,
    0.9370966354014284,
    0.9359779709147233,
    0.9347732553136563,
    0.9382152998881336,
    0.9472506668961364,
    0.9483693313828414,
    0.9495740469839085,
    0.9524137337578522,
    0.9541347560450908,
    0.9540487049307289,
    0.9636864297392651,
    0.9618793563376645,
    0.9678168832286378
  ],
  "val_acc": [
    0.9002751031636864,
    0.7902338376891335,
    0.8885832187070152,
    0.9160935350756534,
    0.9085281980742779,
    0.9181568088033012,
    0.9236588720770289,
    0.8961485557083907,
    0.9202200825309491,
    0.9085281980742779,
    0.9195323246217332,
    0.921595598349381,
    0.8775790921595599,
    0.9160935350756534,
    0.9270976616231087,
    0.921595598349381,
    0.9277854195323246,
    0.9188445667125172,
    0.9174690508940853,
    0.921595598349381,
    0.9160935350756534,
    0.9270976616231087,
    0.9195323246217332,
    0.9195323246217332
  ],
  "train_f1": [
    0.8567585743106927,
    0.8812104787714544,
    0.8889643463497453,
    0.8987370320252593,
    0.8997853349903966,
    0.9017836983517724,
    0.8969995521719659,
    0.9036036036036036,
    0.9084967320261438,
    0.9083370685791126,
    0.9136609558160504,
    0.9174664107485605,
    0.9160649819494585,
    0.9150224215246637,
    0.9192895683453237,
    0.9305539821003739,
    0.9321880650994575,
    0.9336052571946521,
    0.937308695159279,
    0.939712702183011,
    0.9396473779385172,
    0.9522192028985508,
    0.9498244421791823,
    0.9577018774033024
  ],
  "val_f1": [
    0.8692515779981965,
    0.7749077490774908,
    0.8603448275862069,
    0.8772635814889336,
    0.8748824082784572,
    0.881592039800995,
    0.8967441860465116,
    0.8717077315208156,
    0.8933823529411765,
    0.8665997993981945,
    0.8907563025210085,
    0.8916349809885932,
    0.8533772652388797,
    0.8799212598425197,
    0.9,
    0.886,
    0.9034038638454461,
    0.8829365079365079,
    0.8848368522072937,
    0.8944444444444445,
    0.8892921960072595,
    0.9016697588126159,
    0.8880382775119617,
    0.8858536585365854
  ],
  "lr": [
    0.001,
    0.001,
    0.001,
    0.001,
    0.001,
    0.001,
    0.001,
    0.001,
    0.001,
    0.001,
    0.001,
    0.001,
    0.001,
    0.001,
    0.001,
    0.0005,
    0.0005,
    0.0005,
    0.0005,
    0.0005,
    0.0005,
    0.00025,
    0.00025,
    0.00025
  ],
  "aug_count": [
    104,
    89,
    100,
    96,
    99,
    96,
    92,
    88,
    93,
    96,
    87,
    85,
    88,
    96,
    76,
    101,
    84,
    95,
    82,
    83,
    97,
    95,
    96,
    96
  ],
  "best_epoch": 17,
  "best_val_loss": 0.2369040749259959,
  "seed": 46,
  "n_epochs_run": 24
}