{
  "train_loss": [
    0.34785109043388046,
    0.28097255494890827,
    0.27052787978773674,
    0.24639054724337384,
    0.23861595725922913,
    0.23368639317957837,
    0.2191712828621521,
    0.21572532469021885,
    0.20736878855422713,
    0.19727960002857275,
    0.19705789719793454,
    0.19144571346158917,
    0.1793852553628119,
    0.18161019744817447,
    0.1567700560137446,
    0.1418864769437475,
    0.13701801583915885
  ],
  "val_loss": [
    0.29655434160481786,
    0.38281955835415865,
    0.30878347822527774,
    0.30278965726269325,
    0.2590175059917377,
    0.26463877546000186,
    0.5593674487064104,
    0.253029574738736,
    0.2922866219011593,
    0.24443922524931014,
    0.3773481421572306,
    0.3036818628544001,
    0.2849876438325176,
    0.3019698443816157,
    0.29633279622338987,
    0.2716109780735622,
    0.2798177920886542
  ],
  "train_acc": [
    0.8851217623268222,
    0.9099044832630583,
    0.9119697100077446,
    0.9199724636434042,
    0.9219516392737286,
    0.9233284571035195,
    0.9271147061354444,
    0.9298683417950262,
    0.9322777729971603,
    0.9360640220290852,
    0.9358919198003615,
    0.9372687376301523,
    0.9429481111780398,
    0.9407107822046296,
    0.9474227691248601,
    0.9519834781860426,
    0.9537045004732811
  ],
  "val_acc": [
    0.9133425034387895,
    0.8225584594222833,
    0.9167812929848693,
    0.8872077028885832,
    0.9023383768913342,
    0.9236588720770289,
    0.8823933975240715,
    0.9154057771664375,
    0.9112792297111417,
    0.9154057771664375,
    0.9133425034387895,
    0.9181568088033012,
    0.921595598349381,
    0.8892709766162311,
    0.9167812929848693,
    0.9167812929848693,
    0.9222833562585969
  ],
  "train_f1": [
    0.8506544356191967,
    0.8817082815501074,
    0.8847323943661972,
    0.8949152542372881,
    0.8976413497347929,
    0.8994243142566881,
    0.9046278572232856,
    0.9079200090385268,
    0.9109426275885482,
    0.9162439409311239,
    0.9162074007423237,
    0.9176922208422716,
    0.9251270468661773,
    0.9221908526256353,
    0.930952650016951,
    0.9370913190529876,
    0.9393461104847801
  ],
  "val_f1": [
    0.8767123287671232,
    0.8012326656394453,
    0.8824101068999028,
    0.8633333333333333,
    0.8756567425569177,
    0.8939828080229226,
    0.8139281828073993,
    0.8908606921029282,
    0.8724035608308606,
    0.8878760255241568,
    0.874251497005988,
    0.8859060402684564,
    0.88996138996139,
    0.8636748518204911,
    0.8850902184235517,
    0.8888888888888888,
    0.8930936613055819
  ],
  "lr": [
    0.001,
    0.001,
    0.001,
    0.001,
    0.001,
    0.001,
    0.001,
    0.001,
    0.001,
    0.001,
    0.001,
    0.001,
    0.001,
    0.001,
    0.0005,
    0.0005,
    0.0005
  ],
  "best_epoch": 10,
  "best_val_loss": 0.24443922524931014,
  "seed": 43,
  "n_epochs_run": 17
}