{
  "train_loss": [
    0.3499713837177205,
    0.28490109387655366,
    0.2674974624742976,
    0.2598753956945307,
    0.24053658675807918,
    0.2446650756958501,
    0.23814644914374644,
    0.2228737445662779,
    0.2048430561316669,
    0.19710369698242317,
    0.19282025070078002,
    0.17996289870210383,
    0.18390460470725783,
    0.1767287152085962,
    0.1773999481649553,
    0.1498955111046962,
    0.1439494249513428,
    0.13970677232503295
  ],
  "val_loss": [
    0.4556220528840035,
    0.504933555483654,
    0.4080641642315352,
    0.25335418802917903,
    0.4583590980901023,
    0.27077859957821593,
    0.3639069319673221,
    0.3369129829549396,
    0.26595542402592126,
    0.24911934813738199,
    0.24276081715522146,
    0.2575766392759313,
    0.28230199972077935,
    0.3016710339172998,
    0.32784435396919226,
    0.2717754462480217,
    0.27892501719880136,
    0.336972824419545
  ],
  "train_acc": [
    0.8878753979864039,
    0.9099905343774202,
    0.9134325789518974,
    0.9168746235263747,
    0.9206608725582996,
    0.9224679459599002,
    0.9205748214439377,
    0.9295241373375785,
    0.9320196196540745,
    0.9345151019705705,
    0.936408226486533,
    0.9412270888908011,
    0.9395060666035625,
    0.9417433955769727,
    0.9437225712072972,
    0.9503485070131659,
    0.9529300404440237,
    0.9552534205317958
  ],
  "val_acc": [
    0.8968363136176066,
    0.8954607977991746,
    0.9030261348005502,
    0.9133425034387895,
    0.9023383768913342,
    0.8913342503438789,
    0.9174690508940853,
    0.8672627235213205,
    0.9188445667125172,
    0.9188445667125172,
    0.9222833562585969,
    0.9037138927097662,
    0.9222833562585969,
    0.9188445667125172,
    0.9160935350756534,
    0.9119669876203577,
    0.9160935350756534,
    0.9160935350756534
  ],
  "train_f1": [
    0.853414332320846,
    0.8821806713223699,
    0.8866095581605049,
    0.8911181244364292,
    0.8960306720793866,
    0.8983643542019176,
    0.896,
    0.9072795199818862,
    0.9110760918505177,
    0.9142341936210977,
    0.9166572685237397,
    0.9228335781267654,
    0.920824417164095,
    0.9235114676307762,
    0.9263181613339342,
    0.9349712611292685,
    0.9381990735510112,
    0.9412694827196747
  ],
  "val_f1": [
    0.8417721518987342,
    0.8382978723404255,
    0.8550873586844809,
    0.8833333333333333,
    0.8526970954356846,
    0.8642611683848798,
    0.8770491803278688,
    0.8449799196787149,
    0.8869731800766284,
    0.8888888888888888,
    0.895852534562212,
    0.8771929824561403,
    0.8930936613055819,
    0.8865384615384615,
    0.8794466403162056,
    0.8821362799263351,
    0.8904847396768402,
    0.882466281310212
  ],
  "lr": [
    0.001,
    0.001,
    0.001,
    0.001,
    0.001,
    0.001,
    0.001,
    0.001,
    0.0005,
    0.0005,
    0.0005,
    0.0005,
    0.0005,
    0.0005,
    0.0005,
    0.00025,
    0.00025,
    0.00025
  ],
  "aug_count": [
    107,
    96,
    100,
    87,
    85,
    73,
    87,
    95,
    97,
    79,
    86,
    92,
    88,
    88,
    98,
    90,
    93,
    87
  ],
  "best_epoch": 11,
  "best_val_loss": 0.24276081715522146,
  "seed": 44,
  "n_epochs_run": 18
}