{
  "train_loss": [
    0.3348671486656531,
    0.2836252839519526,
    0.2696435905479439,
    0.24715131383253636,
    0.2402970384129681,
    0.22865686405290786,
    0.20201891063156435,
    0.19432036083958745,
    0.1910534166046453,
    0.18712182693191756,
    0.17861527707801197,
    0.17186914567984932,
    0.16037344935120676,
    0.1415182601555665,
    0.13163002739917615,
    0.12132901841900084
  ],
  "val_loss": [
    0.3521135768749363,
    0.2650091186514255,
    0.3162652366017049,
    0.28761819482587553,
    0.35671736125768955,
    0.2697618967729225,
    0.309417848778886,
    0.4024531058300968,
    0.23948142815898832,
    0.27098826299507317,
    0.2966643141421196,
    0.27872121108611314,
    0.25152398000229176,
    0.26821067927218206,
    0.30135009594599843,
    0.28830568859304984
  ],
  "train_acc": [
    0.8900266758454523,
    0.9084416143189055,
    0.9134325789518974,
    0.9222097926168144,
    0.9228982015317099,
    0.9242750193615007,
    0.9370105842870665,
    0.9373547887445143,
    0.9385595043455813,
    0.9402805266328199,
    0.9381292487737716,
    0.9454435934945358,
    0.9485414336115653,
    0.9549092160743482,
    0.9570604939333964,
    0.9596420273642544
  ],
  "val_acc": [
    0.9044016506189821,
    0.9133425034387895,
    0.9133425034387895,
    0.9016506189821183,
    0.9154057771664375,
    0.8982118294360385,
    0.9147180192572214,
    0.9044016506189821,
    0.9181568088033012,
    0.9202200825309491,
    0.9250343878954608,
    0.920907840440165,
    0.9277854195323246,
    0.9030261348005502,
    0.9270976616231087,
    0.9284731774415406
  ],
  "train_f1": [
    0.8564044943820225,
    0.8800180423996391,
    0.8861475780896333,
    0.8978300180831826,
    0.8988941548183255,
    0.9012567324955116,
    0.9171195652173914,
    0.9179625873337841,
    0.9193402620876638,
    0.9216881065222298,
    0.9190406485756109,
    0.9283453887884268,
    0.9324751580849142,
    0.9406837219832466,
    0.9436094473951859,
    0.9470833803452555
  ],
  "val_f1": [
    0.8580183861082737,
    0.8837638376383764,
    0.877431906614786,
    0.8755439512619669,
    0.8751269035532995,
    0.8732876712328768,
    0.8779527559055118,
    0.8568486096807415,
    0.8932735426008969,
    0.8875968992248062,
    0.8932419196865817,
    0.8880233690360273,
    0.9025069637883009,
    0.8768558951965065,
    0.8994307400379506,
    0.9031657355679702
  ],
  "lr": [
    0.001,
    0.001,
    0.001,
    0.001,
    0.001,
    0.001,
    0.0005,
    0.0005,
    0.0005,
    0.0005,
    0.0005,
    0.0005,
    0.0005,
    0.00025,
    0.00025,
    0.00025
  ],
  "best_epoch": 9,
  "best_val_loss": 0.23948142815898832,
  "seed": 50,
  "n_epochs_run": 16
}