{
  "train_loss": [
    0.35331903362518313,
    0.28282403291328345,
    0.27354017866374847,
    0.25107942737120276,
    0.2438514753156742,
    0.2380142973308134,
    0.22622707801588984,
    0.22560711961347607,
    0.2161907964772247,
    0.19249655128104912,
    0.18500139259418064,
    0.18242168185192054
  ],
  "val_loss": [
    0.30554106331429093,
    0.3358797905287684,
    0.36629565017095456,
    0.27008110754181625,
    0.24636839422431903,
    0.26040924618217937,
    0.4444665524703764,
    0.24751517812028384,
    0.3225759692910285,
    0.2521752469559319,
    0.3690995032062557,
    0.32524362509811433
  ],
  "train_acc": [
    0.880302899922554,
    0.9109370966354015,
    0.9107649944066776,
    0.9198864125290422,
    0.9209190259013854,
    0.9220376903880906,
    0.925221581619482,
    0.9269426039067206,
    0.9315033129679029,
    0.9373547887445143,
    0.9413131400051631,
    0.9401944755184579
  ],
  "val_acc": [
    0.9181568088033012,
    0.8576341127922971,
    0.9133425034387895,
    0.9071526822558459,
    0.9140302613480055,
    0.9264099037138928,
    0.9023383768913342,
    0.921595598349381,
    0.9167812929848693,
    0.9250343878954608,
    0.9154057771664375,
    0.9236588720770289
  ],
  "train_f1": [
    0.8448756551801049,
    0.8829053060300939,
    0.8833127039495893,
    0.8949328518225934,
    0.8963572798015113,
    0.8979269941415052,
    0.9019961655576858,
    0.9042085072774455,
    0.9099954771596562,
    0.9178329571106095,
    0.9230769230769231,
    0.9216548303460714
  ],
  "val_f1": [
    0.8836754643206256,
    0.8318440292445166,
    0.8734939759036144,
    0.8827106863596872,
    0.8880931065353626,
    0.8976076555023923,
    0.8511530398322851,
    0.8963636363636364,
    0.8791208791208791,
    0.8960915157292659,
    0.8788177339901477,
    0.8902077151335311
  ],
  "lr": [
    0.001,
    0.001,
    0.001,
    0.001,
    0.001,
    0.001,
    0.001,
    0.001,
    0.001,
    0.0005,
    0.0005,
    0.0005
  ],
  "aug_count": [
    86,
    98,
    92,
    82,
    89,
    84,
    100,
    103,
    101,
    101,
    90,
    80
  ],
  "best_epoch": 5,
  "best_val_loss": 0.24636839422431903,
  "seed": 43,
  "n_epochs_run": 12
}