{
  "train_loss": [
    0.34512891428891807,
    0.2908285876378454,
    0.2615232535983084,
    0.25868597173150193,
    0.24317118880563282,
    0.23602996266998139,
    0.22517324572018899,
    0.2186248396834165,
    0.20053545546458845,
    0.18826740748764223,
    0.18629848613287453,
    0.17890012076015718,
    0.1771417094880061,
    0.17515449708161118,
    0.16482580740704572,
    0.16292086251323024,
    0.15905134896871587,
    0.15431974475108431,
    0.13359321293912116,
    0.12211500394090186,
    0.11792238820631115
  ],
  "val_loss": [
    0.3140693569281734,
    0.31264517592596713,
    0.33929451463802973,
    0.2602462910802361,
    0.2758473494849802,
    0.44048140354792714,
    0.3737479604913903,
    0.27237110887301835,
    0.2465882150474244,
    0.2747929201575388,
    0.24604996382944194,
    0.2619845926187717,
    0.3248504427718985,
    0.24531499020745043,
    0.2796896190435063,
    0.26687261978730537,
    0.29011131527909223,
    0.3326355643580671,
    0.2944220488960182,
    0.2979377813565518,
    0.3706095456831065
  ],
  "train_acc": [
    0.8866706823853369,
    0.9081834609758196,
    0.9148954478960503,
    0.9146372945529645,
    0.9213492814731951,
    0.9222958437311763,
    0.9272007572498064,
    0.930298597366836,
    0.9346872041992944,
    0.9384734532312193,
    0.9376129420876,
    0.9395921177179245,
    0.9418294466913346,
    0.9440667756647448,
    0.9462180535237932,
    0.9462180535237932,
    0.9498322003269942,
    0.9474227691248601,
    0.9543929093881766,
    0.9609327940796834,
    0.9605885896222356
  ],
  "val_acc": [
    0.9071526822558459,
    0.9188445667125172,
    0.9078404401650619,
    0.90646492434663,
    0.9195323246217332,
    0.8954607977991746,
    0.9092159559834938,
    0.922971114167813,
    0.9174690508940853,
    0.9181568088033012,
    0.9202200825309491,
    0.9195323246217332,
    0.9202200825309491,
    0.9174690508940853,
    0.9167812929848693,
    0.922971114167813,
    0.9119669876203577,
    0.9112792297111417,
    0.9154057771664375,
    0.9044016506189821,
    0.9154057771664375
  ],
  "train_f1": [
    0.8521055586749018,
    0.8797204373802278,
    0.8887138516934848,
    0.8881371222372576,
    0.8968164371189885,
    0.8981617232434871,
    0.9042986425339367,
    0.9084331901424373,
    0.9141305577554022,
    0.9194002930898433,
    0.9183466606599843,
    0.9210526315789473,
    0.9238567244874972,
    0.9266034327009937,
    0.9295457107428701,
    0.9294980259447264,
    0.9337424707353108,
    0.9310150163712317,
    0.9403018697904933,
    0.9486541506446505,
    0.9482836495031617
  ],
  "val_f1": [
    0.8675171736997056,
    0.8858800773694391,
    0.8688845401174168,
    0.8781362007168458,
    0.8856304985337243,
    0.8382978723404255,
    0.8647540983606558,
    0.8921001926782274,
    0.8884758364312267,
    0.8872037914691943,
    0.8925925925925926,
    0.8909599254426841,
    0.8860510805500982,
    0.8911070780399274,
    0.8830917874396135,
    0.8899803536345776,
    0.8867256637168142,
    0.873900293255132,
    0.8831908831908832,
    0.8699719363891487,
    0.8795298726738492
  ],
  "lr": [
    0.001,
    0.001,
    0.001,
    0.001,
    0.001,
    0.001,
    0.001,
    0.001,
    0.0005,
    0.0005,
    0.0005,
    0.0005,
    0.0005,
    0.0005,
    0.0005,
    0.0005,
    0.0005,
    0.0005,
    0.00025,
    0.00025,
    0.00025
  ],
  "aug_count": [
    107,
    81,
    97,
    94,
    91,
    82,
    103,
    84,
    90,
    97,
    80,
    95,
    79,
    90,
    82,
    89,
    82,
    102,
    93,
    106,
    95
  ],
  "best_epoch": 14,
  "best_val_loss": 0.24531499020745043,
  "seed": 51,
  "n_epochs_run": 21
}