{
  "train_loss": [
    0.34413344816377434,
    0.286962535198005,
    0.2661266616413304,
    0.2491544180478115,
    0.2330496792048639,
    0.22444808775992312,
    0.21999370466115378,
    0.21589250073879354,
    0.2038054387433354,
    0.20598797613357206,
    0.1924870872485249,
    0.17210102048344708,
    0.15987109498860308,
    0.15276956768646655
  ],
  "val_loss": [
    0.3234195499546426,
    0.4157698073282202,
    0.27400786932839655,
    0.3274569224868549,
    0.4116464175253164,
    0.2598941875045204,
    0.25329070762722167,
    0.25580474014869253,
    0.2670399283649505,
    0.27157679040297517,
    0.33372735058916975,
    0.2842316056052133,
    0.2832469141630884,
    0.26281403234687106
  ],
  "train_acc": [
    0.8883917046725756,
    0.9073229498322003,
    0.9150675501247741,
    0.9183374924705275,
    0.9273728594785302,
    0.9287496773083211,
    0.9261681438774633,
    0.9278031150503399,
    0.9337406419413131,
    0.9329661819120557,
    0.936408226486533,
    0.9477669735823079,
    0.9484553824972033,
    0.9515532226142328
  ],
  "val_acc": [
    0.8686382393397524,
    0.8363136176066025,
    0.9030261348005502,
    0.8693259972489684,
    0.8995873452544704,
    0.9160935350756534,
    0.922971114167813,
    0.9133425034387895,
    0.9099037138927097,
    0.9050894085281981,
    0.9202200825309491,
    0.9181568088033012,
    0.9147180192572214,
    0.9257221458046767
  ],
  "train_f1": [
    0.8526638645916165,
    0.8785931687521136,
    0.888335784591017,
    0.893166722953957,
    0.9044816659121775,
    0.9065884476534296,
    0.9035521582733813,
    0.9050367855121675,
    0.9127379873073436,
    0.9122648946953485,
    0.9166196547444432,
    0.9309363977699397,
    0.9322014714204867,
    0.9362328689545815
  ],
  "val_f1": [
    0.8377230246389125,
    0.8131868131868132,
    0.8757709251101321,
    0.8450244698205547,
    0.8475991649269311,
    0.8868274582560297,
    0.8937381404174574,
    0.8854545454545455,
    0.8785912882298424,
    0.8789473684210526,
    0.8853754940711462,
    0.8839024390243903,
    0.8830188679245283,
    0.9009174311926605
  ],
  "lr": [
    0.001,
    0.001,
    0.001,
    0.001,
    0.001,
    0.001,
    0.001,
    0.001,
    0.001,
    0.001,
    0.001,
    0.0005,
    0.0005,
    0.0005
  ],
  "best_epoch": 7,
  "best_val_loss": 0.25329070762722167,
  "seed": 47,
  "n_epochs_run": 14
}