{
  "train_loss": [
    0.3370466717174178,
    0.27790669497929876,
    0.2693481504476047,
    0.24961787051397905,
    0.2523817874952188,
    0.2380968442949819,
    0.22818650906010673,
    0.2264639813837317,
    0.23363783722715342,
    0.21050560421566578,
    0.20378384469052147,
    0.18682846913582055,
    0.17741917902965182,
    0.17456618582265798
  ],
  "val_loss": [
    0.4182501127828102,
    0.3255131537353484,
    0.2642885226617981,
    0.38794525023011756,
    0.25700318803075584,
    0.34585941448664237,
    0.2457040150686996,
    0.297198851650486,
    0.2540379605644179,
    0.26129448436395336,
    0.30070849658698456,
    0.24971099948046788,
    0.41186465513591425,
    0.34820340682420636
  ],
  "train_acc": [
    0.8883917046725756,
    0.9136046811806213,
    0.9118836588933826,
    0.9149814990104121,
    0.919025901385423,
    0.9210911281301093,
    0.9247052749333103,
    0.9269426039067206,
    0.9245331727045866,
    0.9315893640822649,
    0.9323638241115223,
    0.9393339643748386,
    0.9428620600636778,
    0.9424318044918681
  ],
  "val_acc": [
    0.9023383768913342,
    0.9195323246217332,
    0.9050894085281981,
    0.9126547455295736,
    0.9160935350756534,
    0.9160935350756534,
    0.9195323246217332,
    0.8817056396148556,
    0.9009628610729024,
    0.9044016506189821,
    0.9174690508940853,
    0.9264099037138928,
    0.9119669876203577,
    0.9174690508940853
  ],
  "train_f1": [
    0.854220523772058,
    0.8866305329719963,
    0.8852275274602107,
    0.8890386343216532,
    0.8933952645292852,
    0.8967226038968352,
    0.9013417521704814,
    0.9038396194359497,
    0.9010716300056402,
    0.9104830537101678,
    0.9114266396213658,
    0.9205991665728123,
    0.9251577998196574,
    0.9245687225166309
  ],
  "val_f1": [
    0.8514644351464435,
    0.8854064642507345,
    0.8752260397830018,
    0.8702757916241062,
    0.8884826325411335,
    0.8767676767676768,
    0.8909599254426841,
    0.8576158940397351,
    0.8739054290718039,
    0.8777484608619174,
    0.8846153846153846,
    0.8991517436380773,
    0.8683127572016461,
    0.8807157057654076
  ],
  "lr": [
    0.001,
    0.001,
    0.001,
    0.001,
    0.001,
    0.001,
    0.001,
    0.001,
    0.001,
    0.001,
    0.001,
    0.0005,
    0.0005,
    0.0005
  ],
  "aug_count": [
    86,
    88,
    96,
    94,
    103,
    95,
    95,
    104,
    92,
    97,
    81,
    85,
    87,
    83
  ],
  "best_epoch": 7,
  "best_val_loss": 0.2457040150686996,
  "seed": 49,
  "n_epochs_run": 14
}