{
  "train_loss": [
    0.34161437877986245,
    0.282658147040994,
    0.26409223850884767,
    0.25338495030284963,
    0.2417722817373485,
    0.23414669357635778,
    0.22587757101466002,
    0.22059858052006953,
    0.2174829966911565,
    0.2109878338836842,
    0.20543879539315604,
    0.20023539434118592,
    0.19806576863273614,
    0.18700315568443215,
    0.18357429512293263,
    0.1905383298184927,
    0.15927795282730228,
    0.1524512849446162,
    0.14522400976160843
  ],
  "val_loss": [
    0.3220578584579195,
    0.28029850088418595,
    0.31256414550206685,
    0.2756857305888133,
    0.35218305309832176,
    0.28772643171609513,
    0.37839568026128134,
    0.2566713241878205,
    0.24594828582777445,
    0.27708234501672085,
    0.24151070208956155,
    0.22708921300495835,
    0.23805029614427559,
    0.3393462616360991,
    0.25496660351261313,
    0.4479111845424448,
    0.3491268087040115,
    0.2773079375699265,
    0.3618794680461595
  ],
  "train_acc": [
    0.889080113587471,
    0.9091300232338009,
    0.9185956458136133,
    0.9213492814731951,
    0.9241029171327769,
    0.9244471215902246,
    0.9240168660184149,
    0.9292659839944928,
    0.9284915239652354,
    0.9322777729971603,
    0.9350314086567421,
    0.9352035108854659,
    0.9345151019705705,
    0.9354616642285518,
    0.9376989932019619,
    0.9360640220290852,
    0.9462180535237932,
    0.9489716891833749,
    0.9506927114706135
  ],
  "val_acc": [
    0.874828060522696,
    0.9133425034387895,
    0.9188445667125172,
    0.9147180192572214,
    0.9119669876203577,
    0.9222833562585969,
    0.9044016506189821,
    0.9140302613480055,
    0.9002751031636864,
    0.8933975240715268,
    0.9195323246217332,
    0.9243466299862448,
    0.922971114167813,
    0.921595598349381,
    0.9277854195323246,
    0.905777166437414,
    0.9181568088033012,
    0.9264099037138928,
    0.9154057771664375
  ],
  "train_f1": [
    0.8541360190109766,
    0.8809470124013529,
    0.8927437641723356,
    0.8971184151283206,
    0.9004289907428313,
    0.9004760825209703,
    0.900708422354661,
    0.9073280721533258,
    0.9064294561423263,
    0.911741617135808,
    0.9148143969310617,
    0.9150975307249972,
    0.9145423919146547,
    0.9156355455568054,
    0.9186151079136691,
    0.9159407172757099,
    0.9294343457152535,
    0.933017056365074,
    0.9353054081517443
  ],
  "val_f1": [
    0.8473154362416108,
    0.8795411089866156,
    0.8822355289421158,
    0.8821292775665399,
    0.8701825557809331,
    0.8886699507389163,
    0.857727737973388,
    0.8870822041553749,
    0.8748921484037964,
    0.8696383515559294,
    0.891566265060241,
    0.8994515539305301,
    0.8953271028037383,
    0.8873517786561265,
    0.8995215311004785,
    0.8571428571428571,
    0.8822947576656776,
    0.9002795899347623,
    0.8771228771228772
  ],
  "lr": [
    0.001,
    0.001,
    0.001,
    0.001,
    0.001,
    0.001,
    0.001,
    0.001,
    0.001,
    0.001,
    0.001,
    0.001,
    0.001,
    0.001,
    0.001,
    0.001,
    0.0005,
    0.0005,
    0.0005
  ],
  "aug_count": [
    87,
    94,
    100,
    95,
    77,
    94,
    89,
    80,
    88,
    87,
    97,
    91,
    83,
    92,
    86,
    95,
    90,
    93,
    84
  ],
  "best_epoch": 12,
  "best_val_loss": 0.22708921300495835,
  "seed": 48,
  "n_epochs_run": 19
}