{
  "train_loss": [
    0.3378473881568938,
    0.2866619753710385,
    0.2567635119505013,
    0.2552656598665476,
    0.2412659448140583,
    0.23416109639302085,
    0.22085851766076106,
    0.21496182754757626,
    0.21163859852373204,
    0.20217272483351595,
    0.20088497297908053,
    0.1747879685510119,
    0.16854722906478187,
    0.16262191197576933,
    0.15496415275272224,
    0.14645351287435618,
    0.12820194804974117,
    0.11715685760397354,
    0.11242454052458695
  ],
  "val_loss": [
    0.3069427431121653,
    0.31456788279823295,
    0.29270300925023945,
    0.2991074897154161,
    0.28370948076412145,
    0.43530397516825176,
    0.27475257683161036,
    0.31094830974096116,
    0.27543076581771303,
    0.28160152982976777,
    0.3637200414396546,
    0.2544765654013606,
    0.2970428128190021,
    0.27427706809040603,
    0.27482007806697933,
    0.27366151835928265,
    0.28250010735886955,
    0.3673128293829738,
    0.3241736904463053
  ],
  "train_acc": [
    0.8891661647018329,
    0.9099905343774202,
    0.9179072368987179,
    0.9161001634971173,
    0.9242750193615007,
    0.9223818948455382,
    0.9268565527923587,
    0.9296962395663024,
    0.9297822906806643,
    0.9346011530849324,
    0.9331382841407796,
    0.9402805266328199,
    0.9412270888908011,
    0.9455296446088977,
    0.9477669735823079,
    0.9502624558988039,
    0.9596420273642544,
    0.9621375096807504,
    0.9630840719387316
  ],
  "val_acc": [
    0.9099037138927097,
    0.9167812929848693,
    0.9085281980742779,
    0.8837689133425034,
    0.9160935350756534,
    0.8920220082530949,
    0.9202200825309491,
    0.9188445667125172,
    0.9236588720770289,
    0.9085281980742779,
    0.8583218707015131,
    0.9236588720770289,
    0.9243466299862448,
    0.8995873452544704,
    0.9195323246217332,
    0.9250343878954608,
    0.9236588720770289,
    0.9112792297111417,
    0.9188445667125172
  ],
  "train_f1": [
    0.8552483704203192,
    0.8823397075365579,
    0.8924464487034949,
    0.8898678414096917,
    0.9004074241738343,
    0.8983776475890041,
    0.903954802259887,
    0.9077148989043262,
    0.9081081081081082,
    0.9146642712777903,
    0.9129021410155812,
    0.9220049449314452,
    0.9233187380711799,
    0.9287081878589931,
    0.9316056338028169,
    0.9346892655367232,
    0.9467348097671777,
    0.9501359927470535,
    0.9513219108135709
  ],
  "val_f1": [
    0.8706811451135242,
    0.8807881773399014,
    0.8746465598491989,
    0.858813700918964,
    0.878968253968254,
    0.8324439701173959,
    0.888030888030888,
    0.8817635270541082,
    0.8939828080229226,
    0.8792007266121707,
    0.8352,
    0.898444647758463,
    0.8938223938223938,
    0.8743545611015491,
    0.8901408450704226,
    0.8946859903381642,
    0.896551724137931,
    0.8713858424725822,
    0.8874045801526718
  ],
  "lr": [
    0.001,
    0.001,
    0.001,
    0.001,
    0.001,
    0.001,
    0.001,
    0.001,
    0.001,
    0.001,
    0.001,
    0.0005,
    0.0005,
    0.0005,
    0.0005,
    0.0005,
    0.00025,
    0.00025,
    0.00025
  ],
  "best_epoch": 12,
  "best_val_loss": 0.2544765654013606,
  "seed": 51,
  "n_epochs_run": 19
}