{
  "train_loss": [
    0.3374297280887474,
    0.284684289025928,
    0.2702675657775601,
    0.24665823811885565,
    0.23898692197489274,
    0.23289299878552164,
    0.22942297932931574,
    0.21511691589690293,
    0.19527184307990678,
    0.1812073272255343,
    0.17840623917395826,
    0.17231323221045572,
    0.16799289410233897,
    0.14656525962365677,
    0.13968841252174838,
    0.13509894968125488
  ],
  "val_loss": [
    0.3157166632038363,
    0.5297748208701857,
    0.30587355105880204,
    0.2588939110465358,
    0.27807806381005207,
    0.32587552517447543,
    0.2624006565286172,
    0.28530551134474175,
    0.24358968082123642,
    0.27367379109502005,
    0.24590224177260184,
    0.24459793419670697,
    0.2722503718557515,
    0.3698302502071349,
    0.28080869922119783,
    0.3011573733457017
  ],
  "train_acc": [
    0.8932966181912055,
    0.9106789432923157,
    0.9159280612683934,
    0.9233284571035195,
    0.9222097926168144,
    0.9248773771620342,
    0.9218655881593667,
    0.9280612683934257,
    0.938903708803029,
    0.9394200154892006,
    0.9378710954306858,
    0.9437225712072972,
    0.9462180535237932,
    0.9521555804147663,
    0.9550813183030721,
    0.9543929093881766
  ],
  "val_acc": [
    0.8872077028885832,
    0.7689133425034388,
    0.8803301237964236,
    0.9147180192572214,
    0.9126547455295736,
    0.9167812929848693,
    0.9174690508940853,
    0.8947730398899587,
    0.9181568088033012,
    0.9222833562585969,
    0.9236588720770289,
    0.9154057771664375,
    0.8982118294360385,
    0.9222833562585969,
    0.889958734525447,
    0.9188445667125172
  ],
  "train_f1": [
    0.8613285618429881,
    0.8826057453064917,
    0.8895421141888072,
    0.8992878942014242,
    0.8981752646992566,
    0.9016338028169014,
    0.8984340044742729,
    0.9057709648331831,
    0.9195193833597823,
    0.920863309352518,
    0.9186570527264534,
    0.9261016949152543,
    0.92940246244211,
    0.9373591707976566,
    0.9408163265306122,
    0.9400859145376441
  ],
  "val_f1": [
    0.8578856152512998,
    0.7575757575757576,
    0.8530405405405406,
    0.8862385321100917,
    0.879848628192999,
    0.8776541961577351,
    0.891500904159132,
    0.8702290076335878,
    0.8940338379341051,
    0.8906098741529526,
    0.897126969416126,
    0.8866359447004608,
    0.8737201365187713,
    0.8871128871128872,
    0.863481228668942,
    0.8863198458574181
  ],
  "lr": [
    0.001,
    0.001,
    0.001,
    0.001,
    0.001,
    0.001,
    0.001,
    0.001,
    0.0005,
    0.0005,
    0.0005,
    0.0005,
    0.0005,
    0.00025,
    0.00025,
    0.00025
  ],
  "best_epoch": 9,
  "best_val_loss": 0.24358968082123642,
  "seed": 46,
  "n_epochs_run": 16
}