{
  "train_loss": [
    0.34515529601455563,
    0.2879013669243594,
    0.2671627333832838,
    0.25706469062509,
    0.2428376887404932,
    0.2198867849731864,
    0.21527668742692035,
    0.20338766645614811,
    0.20526299223197367,
    0.19549614426734965,
    0.1996955185802922,
    0.1838951995292554,
    0.1790701148829724,
    0.1765868575363087,
    0.16892176921860957,
    0.15251794758959406,
    0.14759532663233565,
    0.13755811003715032
  ],
  "val_loss": [
    0.28314213206712285,
    0.5295122674931523,
    0.33881361706712715,
    0.3396857521474935,
    0.31823040977468847,
    0.2786632037761287,
    0.24034822136778616,
    0.32840289919543625,
    0.25334684626600273,
    0.24708157816730142,
    0.23226066808917006,
    0.27203494111560234,
    0.30147132511152036,
    0.26814078782496786,
    0.32662943708601483,
    0.2948346315092693,
    0.2949044758958698,
    0.27218718783727536
  ],
  "train_acc": [
    0.8904569314172619,
    0.9081834609758196,
    0.9135186300662593,
    0.9172188279838224,
    0.9217795370450047,
    0.9297822906806643,
    0.9307288529386456,
    0.9345151019705705,
    0.9318475174253507,
    0.9358058686859995,
    0.9353756131141898,
    0.9421736511487824,
    0.9390758110317529,
    0.9406247310902677,
    0.945099389037088,
    0.9505206092418896,
    0.9506927114706135,
    0.9540487049307289
  ],
  "val_acc": [
    0.9147180192572214,
    0.8954607977991746,
    0.9160935350756534,
    0.9140302613480055,
    0.875515818431912,
    0.920907840440165,
    0.9257221458046767,
    0.9257221458046767,
    0.9188445667125172,
    0.9195323246217332,
    0.9298486932599724,
    0.9181568088033012,
    0.9222833562585969,
    0.9257221458046767,
    0.9222833562585969,
    0.922971114167813,
    0.921595598349381,
    0.922971114167813
  ],
  "train_f1": [
    0.8558487147548409,
    0.8795575121345525,
    0.8867350388820016,
    0.8914466260437824,
    0.8975774647887323,
    0.9075877689694224,
    0.9091729662642446,
    0.9139432319348637,
    0.9107505070993914,
    0.9160666066606661,
    0.9153993466261124,
    0.9240677966101695,
    0.9201263537906137,
    0.9224196087249832,
    0.9279421730291394,
    0.935020906317098,
    0.9354802387118568,
    0.9398242055442867
  ],
  "val_f1": [
    0.8851851851851852,
    0.8389830508474576,
    0.8784860557768924,
    0.8758689175769613,
    0.8500414250207126,
    0.887144259077527,
    0.9003690036900369,
    0.8939096267190569,
    0.8895131086142322,
    0.889934148635936,
    0.9041353383458647,
    0.8880526810912511,
    0.8893241919686582,
    0.8957528957528957,
    0.8903976721629486,
    0.8912621359223301,
    0.888671875,
    0.8951310861423221
  ],
  "lr": [
    0.001,
    0.001,
    0.001,
    0.001,
    0.001,
    0.0005,
    0.0005,
    0.0005,
    0.0005,
    0.0005,
    0.0005,
    0.0005,
    0.0005,
    0.0005,
    0.0005,
    0.00025,
    0.00025,
    0.00025
  ],
  "aug_count": [
    95,
    83,
    96,
    97,
    93,
    84,
    106,
    84,
    95,
    90,
    86,
    90,
    92,
    88,
    97,
    96,
    93,
    93
  ],
  "best_epoch": 11,
  "best_val_loss": 0.23226066808917006,
  "seed": 42,
  "n_epochs_run": 18
}